numlabs,phen.grp,marker.phen
C1,Coat,LP pattern modifier (chr3.23658447)
C2,Coat,Chestnut (chr3.36259552)
C3,Coat,Chestnut (chr3.36259554)
C4,Coat,Dominant white (chr3.77731743)
C5,Coat,Dominant white (chr3.77732055)
C6,Coat,Dominant white (chr3.77735380)
C7,Coat,Sabino 1 (chr3.77735520)
C8,Coat,Dominant white (chr3.77736559)
C9,Coat,Dominant white (chr3.77737256)
C10,Coat,Dominant white (chr3.77739534)
C11,Coat,Dominant white (chr3.77739558)
C12,Coat,Dominant white (chr3.77739579)
C13,Coat,Dominant white (chr3.77740854)
C14,Coat,Dominant white (chr3.77741094)
C15,Coat,Dominant white (chr3.77741111)
C16,Coat,Dominant white (chr3.77741665)
C17,Coat,Dominant white (chr3.77745065)
C18,Coat,Dominant white (chr3.77745090)
C19,Coat,Dominant white (chr3.77765059)
C20,Coat,Dominant white (chr3.77769789)
C21,Coat,Dominant white (chr3.77769840)
C22,Coat,Dominant white (chr3.77769878)
C23,Coat,Dominant white (chr3.77771305)
C24,Coat,Splashed white (chr6.11429753)
C25,Coat,Splashed white (chr6.11429867)
C26,Coat,Curly coat (chr11.21962991)
C27,Coat,Curly coat with hypotrichosis Crd (chr11.21962991)
C28,Coat,Curly coat without hypotrichosis (chr11.24096309)
C29,Coat,Champagne dilution (chr14.26701092)
C30,Coat,White (chr16.20094630)
C31,Coat,White leg markings (chr16.20147039)
D1,Disease,Hydrocephalus (chr1.76887901)
D2,Disease,Dwarfism, ACAN-related D3 (chr1.95282140)
D3,Disease,Dwarfism, ACAN-related D2 (chr1.95284530)
D4,Disease,Hereditary Equine Regional Dermal Asthenia (HERDA) (chr1.128056148)
D5,Disease,Cerebellar abiotrophy (CA) (chr2.13122415)
D6,Disease,Warmblood Fragile Foal Syndrome (WFFS) or Ehlers-Danlos Syndrome, type VI (chr2.39711930)
D7,Disease,Polysaccharide storage myopathy (PSSM1) (chr10.18940324)
D8,Disease,Hyperkalemic Periodic Paralysis  (HYPP) (chr11.15474228)
D9,Disease,Immune-mediated myositis (IMM/MYH1) (chr11.53345548)
D10,Disease,Ocular squamous cell carcinoma (ocular SCC) (chr12.11608667)
D11,Disease,Dwarfism, Friesian (chr14.4535550)
D12,Disease,Foal immunodeficiency syndrome in the Fell and Dales Pony (FIS) (chr26.30660224)
E1,Eye,Tiger eye (chr1.141677402)
G1,Gait,Permissive to gait (chr23.22999655)
